|x
mixtes|1
naturelle|1
sèche|1
sensible|1
peaux|1
peau|1
mixte|1
convient|1
grasse|1
grasses|1
cher|2
chère|2
rapport|2
acheté|2
prix|2
temps|3
tient|3
journée|3
dure|3
jours|3
jour|3
pot|4
flacon|4
pompe|4
présentation|4
bouchon|4
tube|4
emballage|4
efficacité|5
parfait|5
résultat|5
satisfaite|5
qualité|5
efficace|5
maquillage|6
maquiller|6
produit|7
creme|7
poudre|8
texture|9
légère|9
hydratante|10
hydratée|10
hydratation|10
hydrate|10
douce|10
hydratant|10
sensation|10
couleur|11
teinte|11
belle|11
gamme|11
pratique|12
utilisation|12
facile|12
application|12
impression|13
brillance|14
naturel|14
mine|14
effet|14
briller|14
lisse|14
matifie|14
teintée|14
brille|14
teint|14
unifie|14
écla|14
couvrant|15
couvrance|15
couvre|15
crème|16
boutons|17
camoufle|17
colle|17
rougeurs|17
pique|17
taches|17
pores|17
soin|18
odeur|19
agréable|19
sent|19
parfum|19
solaire|20
uv|20
protection|20
hiver|21
dommage|22
visage|23
masque|23
adore|24
zone|25
rachèterai|26
recommande|26
long|27
parfaite|28
imperfections|29
ridules|29
rides|29
donné|30
joli|31
matin|32
pénètre|33
pénétration|33
déçue|34
gras|35
film|35
claire|36
nuit|37
fluide|38
vien|39
